{
  "0": {
    "phrase": "Pokemon Charizard old gold card",
    "precision": 0.17073170731707318,
    "recall": 1.0,
    "f1-score": 0.2916666666666667
  },
  "1": {
    "phrase": "Gold necklace eighteen karat gold",
    "precision": 0.14864864864864866,
    "recall": 0.9166666666666666,
    "f1-score": 0.2558139534883721
  },
  "2": {
    "phrase": "Ferrari Gold car",
    "precision": 0.25555555555555554,
    "recall": 0.9583333333333334,
    "f1-score": 0.40350877192982454
  },
  "3": {
    "phrase": "Gold medieval sword",
    "precision": 0.24293785310734464,
    "recall": 0.8269230769230769,
    "f1-score": 0.37554585152838427
  },
  "4": {
    "phrase": "Old painting",
    "precision": 0.6875,
    "recall": 0.6984126984126984,
    "f1-score": 0.6929133858267716
  },
  "5": {
    "phrase": "Porcelain decorative car",
    "precision": 0.10256410256410256,
    "recall": 1.0,
    "f1-score": 0.18604651162790695
  },
  "6": {
    "phrase": "Basketball sticker card",
    "precision": 0.041666666666666664,
    "recall": 0.8,
    "f1-score": 0.07920792079207921
  },
  "7": {
    "phrase": "Military style rolex watch",
    "precision": 0.41818181818181815,
    "recall": 0.9019607843137255,
    "f1-score": 0.5714285714285714
  },
  "8": {
    "phrase": "Porsche",
    "precision": 1.0,
    "recall": 0.9148936170212766,
    "f1-score": 0.9555555555555556
  },
  "9": {
    "phrase": "Collector cards",
    "precision": 0.04081632653061224,
    "recall": 0.8,
    "f1-score": 0.07766990291262134
  },
  "10": {
    "phrase": "Military badge",
    "precision": 0.2222222222222222,
    "recall": 0.16,
    "f1-score": 0.18604651162790697
  },
  "11": {
    "phrase": "Vietnam propaganda poster",
    "precision": 0.5806451612903226,
    "recall": 0.8571428571428571,
    "f1-score": 0.6923076923076923
  },
  "12": {
    "phrase": "Luke Skywalker",
    "precision": 1.0,
    "recall": 0.16666666666666666,
    "f1-score": 0.2857142857142857
  }
}
